slug,latitude,longitude,country,feature_type,display_feature_name,city_slug,feature_name,city,parent_boundary,canton
aabach,47.220989,8.940365,CH,l,Zürichsee,schmerikon,zurichsee,Schmerikon,linth,St. Gallen
aare-limmatspitz,47.50106,8.237371,CH,r,Aare,gebenstorf,aare,Gebenstorf,aare,Aargau
aare-port,47.11617,7.26955,CH,r,Nidau-Büren-Kanal,port,aarenidau-buren-kanal,Port,aare,Bern
aare-solothurn-lido-strand,47.196949,7.521643,CH,r,Aare,solothurn,aare,Solothurn,aare,Solothurn
aare_bern_caveltin,46.9235788,7.4733191,CH,r,Aare,muri-bei-bern,aare,Muri bei Bern,aare,Bern
aare_bern_gerberm,46.9893631,7.4520977,CH,r,Aare,bern,aare,Bern,aare,Bern
aare_bern_scheurerk,46.9709672,7.4525857,CH,r,Aare,bern,aare,Bern,aare,Bern
aare_brugg_buchie,47.4948553,8.2365581,CH,r,Aare,brugg,aare,Brugg,aare,Aargau
aare_elfenau_cataldiv,46.9310201,7.4629605,CH,r,Aare,bern,aare,Bern,aare,Bern
aare_kehrsatz_stolten,46.9235719,7.4883011,CH,r,Aare,belp,aare,Belp,aare,Bern
aare_koniz_hoppej,46.9345885,7.4581703,CH,r,Aare,koniz,aare,Köniz,aare,Bern
aare_post,47.116665,7.271953,CH,r,Nidau-Büren-Kanal,port,aarenidau-buren-kanal,Port,aare,Bern
aare_rupperswil_badert,47.410309,8.1125537,CH,r,Aare,rupperswil,aare,Rupperswil,aare,Aargau
aare_solothurn_nguyena,47.1977495,7.5242247,CH,r,Aare,solothurn,aare,Solothurn,aare,Solothurn
aare_suhrespitz_badert,47.4056692,8.066018,CH,r,Aare,aarau,aare,Aarau,aare,Aargau
aarezufluss_bern_scheurerk,46.9710097,7.4527897,CH,r,Aare,bern,aare,Bern,aare,Bern
anarchy-beach,46.447216,6.859612,CH,l,Lac Léman,la-tour-de-peilz,lac-leman,La Tour-de-Peilz,rhone,Vaud
arabie,46.462099,6.834972,CH,l,Lac Léman,vevey,lac-leman,Vevey,rhone,Vaud
arve_carouge_battistellak,46.1784912,6.1543187,CH,r,Arve,veyrier,arve,Veyrier,rhone,Genève
ascona-traghetto-spiaggia,46.153882,8.76848,CH,l,Lago Maggiore,ascona,lago-maggiore,Ascona,ticino,Ticino
augustmutzenbergstrandweg,46.68664,7.68976,CH,l,Thunersee,spiez,thunersee,Spiez,aare,Bern
baby-plage-geneva,46.208558,6.162923,CH,l,Lac Léman,geneve,lac-leman,Genève,rhone,Genève
baby-plage-ii-geneve,46.20894,6.16433,CH,l,Lac Léman,geneve,lac-leman,Genève,rhone,Genève
bain-des-dames,46.4505068,6.8580918,CH,l,Lac Léman,la-tour-de-peilz,lac-leman,La Tour-de-Peilz,rhone,Vaud
baye-de-clarens,46.439787,6.888903,CH,l,Lac Léman,montreux,lac-leman,Montreux,rhone,Vaud
baye-de-montreux-d,46.430962,6.908673,CH,l,Lac Léman,montreux,lac-leman,Montreux,rhone,Vaud
baye-de-montreux-g,46.430834,6.908778,CH,l,Lac Léman,montreux,lac-leman,Montreux,rhone,Vaud
beich,47.048495,7.200528,CH,r,Aare,walperswil,aare,Walperswil,aare,Bern
bern-fahrstrasse,46.975866,7.44421,CH,r,Aare,bern,aare,Bern,aare,Bern
bern-tiergarten,46.9331574,7.4520041,CH,r,Aare,bern,aare,Bern,aare,Bern
bielersee_vinelz_fankhausers,47.0383984,7.1083114,CH,l,Bielersee,vinelz,bielersee,Vinelz,aare,Bern
birs_basel_grunern,47.5511276,7.6221988,CH,r,Birs,basel,birs,Basel,aare,Basel-Landschaft
birs_basel_laderachs,47.5460497,7.6225981,CH,r,Birs,basel,birs,Basel,aare,Basel-Landschaft
birs_reinach_dinuccin,47.5036817,7.6070085,CH,r,Birs,reinach,birs,Reinach (BL),aare,Basel-Landschaft
birskopfli-rusco,47.5577429,7.6172916,CH,r,Birs,birsfelden,birs,Birsfelden,aare,Basel-Stadt
bodensee_altenrhein_caluoria,47.4865069,9.5439664,CH,l,Bodensee,thal,bodensee,Thal,rhine,St. Gallen
bodensee_arbon_moslis,47.5208887,9.431144,CH,l,Bodensee,arbon,bodensee,Arbon,rhine,Thurgau
bodensee_horn_huberm,47.4982757,9.4569782,CH,l,Bodensee,horn,bodensee,Horn,rhine,Thurgau
bodensee_steinach_dolder_a,47.5062992,9.4361714,CH,l,Bodensee,steinach,bodensee,Steinach,rhine,St. Gallen
bodensee_thal_schlachterj_1,47.4862163,9.5439099,CH,l,Bodensee,thal,bodensee,Thal,rhine,St. Gallen
boiron,46.4910297,6.4801618,CH,l,Lac Léman,tolochenaz,lac-leman,Tolochenaz,rhone,Vaud
brugg-be-buren-bsg-standort,47.12222,7.28141,CH,r,Nidau-Büren-Kanal,brugg,aarenidau-buren-kanal,Brügg,aare,Bern
camp-des-peches,47.052812,7.074053,CH,l,Bielersee,le-landeron,bielersee,Le Landeron,aare,Neuchâtel
camping-gwatt-strand,46.72714,7.62962,CH,l,Thunersee,thun,thunersee,Thun,aare,Bern
canale-saleggi,46.2006245,9.015853,CH,r,Ticino,bellinzona,ticino,Bellinzona,ticino,Ticino
caprino,45.9879627,8.9862407,CH,l,Lago di Lugano,caprino,lago-di-lugano,Lugano,ticino,Ticino
chriesbach_duebendorf_schneidera,47.4029195,8.6051458,CH,r,Chriesbach,dubendorf,chriesbach,Dübendorf,rhine,Zürich
cabanes-des-diablerets,46.338604,7.215525,CH,p,Alpes Vaudoises,ormont-dessus,alpes-vaudoises,Ormont-Dessus,les-alpes,Vaud
crans-montana,46.334214,7.479386,CH,p,Alpes Valaisannes,lens,alpes-valaisannes,Lens,les-alpes,Valais
les-crosets,46.183591,6.832916,CH,p,Alpes Valaisannes,les-crosets,alpes-valaisannes,Val-d'Illiez,les-alpes,Valais
morgins,46.236681,6.858132,CH,p,Alpes Valaisannes,morgins,alpes-valaisannes,Troistorrents,les-alpes,Valais
nendaz,46.162099,7.283486,CH,p,Alpes Valaisannes,nendaz,alpes-valaisannes,Nendaz,les-alpes,Valais
verbier,46.103981,7.22476,CH,p,Alpes Valaisannes,val-de-bagnes,alpes-valaisannes,Val de Bagnes,les-alpes,Valais
veysonnaz,46.180334,7.366005,CH,p,Alpes Valaisannes,nendaz,alpes-valaisannes,Nendaz,les-alpes,Valais
airolo,46.514257,8.607884,CH,p,Alpes Lépontines,airolo,alpes-lepontines,Airolo,les-alpes,Ticino
andermatt,46.618327,8.598803,CH,p,Alpes Uranaises,andermatt,alpes-uranaises,Andermatt,les-alpes,Uri
charmey,46.622641,7.189341,CH,p,Préalpes Fribourgeoises,val-de-charmey,prealpes-fribourgeoises,Val-de-Charmey,les-alpes,Fribourg
grindelwald,46.658523,8.065323,CH,p,Alpes Bernoises,grindelwald,alpes-bernoises,Grindelwald,les-alpes,Bern
la-berra,46.677399,7.178738,CH,p,Préalpes Fribourgeoises,la-roche,prealpes-fribourgeoises,La Roche,les-alpes,Fribourg
la-robella,46.875905,6.548577,CH,p,Massif du Jura,val-de-travers,massif-du-jura,Val-de-Travers,les-alpes,Neuchâtel
la-tzoumaz,46.144287,7.232897,CH,p,Alpes Valaisannes,riddes,alpes-valaisannes,Riddes,les-alpes,Valais
les-diablerets,46.346141,7.151228,CH,p,Alpes Vaudoises,ormont-dessus,alpes-vaudoises,Ormont-Dessus,les-alpes,Vaud
les-paccots,46.512592,6.949421,CH,p,Préalpes Fribourgeoises,chatel-saint-denis,prealpes-fribourgeoises,Châtel-Saint-Denis,les-alpes,Fribourg
san-bernardino,46.445947,9.191344,CH,p,Alpes Lépontines,mesocco,alpes-lepontines,Mesocco,les-alpes,Graubünden
val-calanca,46.330718,9.120103,CH,p,Alpes Lépontines,calanca,alpes-lepontines,Calanca,les-alpes,Graubünden
villars,46.321937,7.073841,CH,p,Alpes Vaudoises,ollon,alpes-vaudoises,Ollon,les-alpes,Vaud
cully-plage,46.4888866,6.7413961,CH,l,Lac Léman,bourg-en-lavaux,lac-leman,Bourg-en-Lavaux,rhone,Vaud
delta-park,46.720078,7.635304,CH,l,Thunersee,spiez,thunersee,Spiez,aare,Bern
emme_biberist_jennim,47.1692208,7.5589948,CH,r,Emme,biberist,emme,Biberist,aare,Solothurn
emme_utzenstorf_gruttert,47.123696,7.539627,CH,r,Emme,utzenstorf,emme,Utzenstorf,aare,Bern
erlach-camping-strand,47.047159,7.097854,CH,l,Bielersee,erlach,bielersee,Erlach,aare,Bern
evole-plage,46.989477,6.92392,CH,l,Neuenburgersee,neuchatel,neuenburgersee,Neuchâtel,aare,Neuchâtel
flibach-river-right-bank,47.133742,9.105461,CH,l,Walensee,weesen,walensee,Weesen,linth,St. Gallen
foce-del-cassarate,46.002411,8.961477,CH,r,Cassarate,lugano,cassarate,Lugano,ticino,Ticino
gals-reserve,47.0462719,7.0850075,CH,l,Bielersee,gals,bielersee,Gals,aare,Bern
gasi-strand,47.128442,9.110831,CH,l,Walensee,weesen,walensee,Weesen,linth,Glarus
gerra-gambarogno,46.123366,8.785786,CH,l,Lago Maggiore,gambarogno,lago-maggiore,Gambarogno,ticino,Ticino
glatt_oerlikon_covosn,47.4167691,8.566712,CH,r,Glatt,opfikon,glatt,Opfikon,rhine,Zürich
goldach_goldach_schlachterj,47.4739111,9.4593094,CH,r,Goldach,goldach,goldach,Goldach,rhine,St. Gallen
golene-gudo,46.1706553,8.946657,CH,r,Ticino,gudo,ticino,Bellinzona,ticino,Ticino
grand-clos,46.387746,6.843686,CH,l,Lac Léman,saint-gingolph,lac-leman,Saint-Gingolph,rhone,Valais
greifensee_fallanden_meistery,47.3609381,8.6537228,CH,l,Greifensee,fallanden,greifensee,Fällanden,rhine,Zürich
greifensee_fallanden_simmenc,47.3597141,8.6548433,CH,l,Greifensee,fallanden,greifensee,Fällanden,rhine,Zürich
greifensee_greifensee_simmenc,47.3635723,8.6756991,CH,l,Greifensee,greifensee,greifensee,Greifensee,rhine,Zürich
greifensee_maur_simmenc,47.3323864,8.6855146,CH,l,Greifensee,maur,greifensee,Maur,rhine,Zürich
greifensee_uster_fischerb_-2,47.347436,8.6898805,CH,l,Greifensee,uster,greifensee,Uster,rhine,Zürich
greifensee_uster_fischerb_1,47.3501274,8.6897972,CH,l,Greifensee,uster,greifensee,Uster,rhine,Zürich
grendelbach_effretikon_dambonec,47.4256491,8.6907062,CH,r,Grändelbach,illnau-effretikon,grandelbach,Illnau-Effretikon,rhine,Zürich
gummligrabbe,46.98929,7.25073,CH,l,Aare,kallnach,aare,Kallnach,aare,Bern
hafeli,46.6902834,7.8985922,CH,l,Brienzersee,bonigen,brienzersee,Bönigen,aare,Bern
hauterive-petite-plage,47.010797,6.980304,CH,l,Neuenburgersee,hauterive-ne,neuenburgersee,Hauterive (NE),aare,Neuchâtel
impromptu_cudrefin,46.964496,7.027936,CH,l,Neuenburgersee,cudrefin,neuenburgersee,Cudrefin,aare,Vaud
isole-di-brissago-porto,46.13276,8.73503,CH,l,Lago Maggiore,brissago,lago-maggiore,Brissago,ticino,Ticino
jardin-botanique,46.2259088,6.1493572,CH,l,Lac Léman,geneve,lac-leman,Genève,rhone,Genève
jona-river-rastplatz,47.2161,8.84443,CH,r,Jona,jona-city,jona,Rapperswil-Jona,linth,St. Gallen
jona_tann_nusslin,47.2684272,8.8641251,CH,r,Jona,durnten,jona,Dürnten,linth,Zürich
katzensee_regensdorfzuerichaffoltern_stueberj,47.4311281,8.4929243,CH,l,Katzensee,zurich,katzensee,Zürich,linth,Zürich
kusnachter-dorfbach-tobelweg-1-4,47.31777,8.588258,CH,r,Dorfbach,kusnacht,dorfbach,Küsnacht (ZH),linth,Zürich
la-morges,46.504063,6.494099,CH,l,Lac Léman,morges,lac-leman,Morges,rhone,Vaud
la-pecherie,46.4639187,6.3857321,CH,l,Lac Léman,allaman,lac-leman,Allaman,rhone,Vaud
la-petite-plage,46.785054,6.656877,CH,l,Neuenburgersee,yverdon-les-bains,neuenburgersee,Yverdon-les-Bains,aare,Vaud
la-thiele_le-mujon_confluence,46.77534,6.6309,CH,r,La Thièle,yverdon-les-bains,la-thiele,Yverdon-les-Bains,aare,Vaud
lacleman_gland_kubela,46.4028693,6.2819358,CH,l,Lac Léman,gland,lac-leman,Gland,rhone,Vaud
lacleman_gland_lecoanets,46.4028106,6.2819586,CH,l,Lac Léman,gland,lac-leman,Gland,rhone,Vaud
lacleman_vidy_santie,46.5183178,6.5896078,CH,l,Lac Léman,lausanne,lac-leman,Lausanne,rhone,Vaud
langete_langenthal_geiserm,47.2165332,7.7923041,CH,r,Langeten,langenthal,langeten,Langenthal,aare,Bern
lavey-la-source,46.200804,7.021866,CH,r,Rhône,lavey-morcles,rhone,Lavey-Morcles,rhone,Vaud
lavey-les-bains,46.2051587,7.012722,CH,r,Rhône,lavey-les-bains,rhone,Lavey-Morcles,rhone,Vaud
lavey-les-bains-2,46.207726,7.011685,CH,r,Rhône,lavey-morcles,rhone,Lavey-Morcles,rhone,Vaud
le-pierrier,46.439727,6.888968,CH,l,Lac Léman,montreux,lac-leman,Montreux,rhone,Vaud
le-port,46.452245,6.85518,CH,l,Lac Léman,la-tour-de-peilz,lac-leman,La Tour-de-Peilz,rhone,Vaud
les-glariers,46.176736,7.228925,CH,r,Rhône,riddes,rhone,Riddes,rhone,Valais
les-vieux-ronquoz,46.2220487,7.361664,CH,r,Rhône,sion,rhone,Sion,rhone,Valais
leuk-mattenstrasse,46.3147545,7.6225205,CH,r,Rhône,leuk,rhone,Leuk,rhone,Valais
lido,46.0020045,8.9621558,CH,l,Lago di Lugano,lugano,lago-di-lugano,Lugano,ticino,Ticino
ligerz-strand,47.083979,7.135894,CH,l,Bielersee,ligerz,bielersee,Ligerz,aare,Bern
limmat_dietikon_keiserp,47.4079891,8.4095398,CH,r,Limmat,dietikon,limmat,Dietikon,linth,Zürich
limmat_unterengstringen_oggierbuhrer,47.4094003,8.4469334,CH,r,Limmat,unterengstringen,limmat,Unterengstringen,linth,Zürich
limmat_zuerich_jansena,47.4000247,8.4846847,CH,r,Limmat,zurich,limmat,Zürich,linth,Zürich
limmat_zuerich_suterdglauserp,47.3945393,8.5134435,CH,r,Limmat,zurich,limmat,Zürich,linth,Zürich
limmat_zuerich_wagnerc,47.4034956,8.4777701,CH,r,Limmat,zurich,limmat,Zürich,linth,Zürich
limmat_zurich_mortensena_meiera,47.4002515,8.485411,CH,r,Limmat,zurich,limmat,Zürich,linth,Zürich
linth_mollis,47.13137,9.094768,CH,r,Linthkanal,glarus-nord,linthkanal,Glarus Nord,linth,Glarus
linth_route9brucke,47.12573,9.11734,CH,r,Escherkanal,glarus-nord,escherkanal,Glarus Nord,linth,Glarus
linthdammweg,47.13179,9.09191,CH,r,Linthkanal,weesen,linthkanal,Weesen,linth,St. Gallen
lorze_baar_blarere,47.1954019,8.540237,CH,r,Lorze,baar,lorze,Baar,linth,Zug
lugano-centro,46.002627,8.950724,CH,l,Lago di Lugano,lugano,lago-di-lugano,Lugano,ticino,Ticino
luscherz-plage,47.0479551,7.151242,CH,l,Bielersee,luscherz,bielersee,Lüscherz,aare,Bern
luscherz-two,47.047519,7.1528292,CH,l,Bielersee,luscherz,bielersee,Lüscherz,aare,Bern
magadino-lido,46.1493486,8.8556628,CH,l,Lago Maggiore,gambarogno,lago-maggiore,Gambarogno,ticino,Ticino
maladaire,46.446296,6.87696,CH,l,Lac Léman,la-tour-de-peilz,lac-leman,La Tour-de-Peilz,rhone,Vaud
mannewil,46.996382,7.239024,CH,l,Aare,kallnach,aare,Kallnach,aare,Bern
mols-rocks,47.1143432,9.2881737,CH,l,Walensee,quarten,walensee,Quarten,linth,St. Gallen
monte-generoso,45.929625,9.019921,CH,p,Alpes Lépontines,rovio,alpes-lepontines,Rovio,les-alpes,Ticino
muhlehorn-dorf,47.118448,9.172124,CH,l,Walensee,glarus-nord,walensee,Glarus Nord,linth,Glarus
mullermatte,47.133339,7.227907,CH,l,Bielersee,biel,bielersee,Biel/Bienne,aare,Bern
murg-bad,47.115307,9.215691,CH,l,Walensee,quarten,walensee,Quarten,linth,St. Gallen
murg_waengi_strickerr,47.49361,8.9615928,CH,r,Murg,wangi,murg,Wängi,rhine,Thurgau
neuenburgersee_cudrefin_mattera,46.9627089,7.0259681,CH,l,Neuenburgersee,cudrefin,neuenburgersee,Cudrefin,aare,Vaud
nidau-strand,47.127196,7.232613,CH,l,Bielersee,nidau,bielersee,Nidau,aare,Bern
nouvelle-plage,46.8566464,6.848428,CH,l,Neuenburgersee,estavayer,neuenburgersee,Estavayer,aare,Fribourg
oben-am-see,46.74445107,8.0499211,CH,l,Brienzersee,brienze-be,brienzersee,Brienz (BE),aare,Bern
oberi-chlihochstetten,46.896025,7.532114,CH,r,Aare,rubigen,aare,Rubigen,aare,Bern
ognonnaz-1,46.4599413,6.8591341,CH,r,Ognonnaz,vevey,ognonnaz,Vevey,rhone,Vaud
oyonne,46.456682,6.852262,CH,l,Lac Léman,la-tour-de-peilz,lac-leman,La Tour-de-Peilz,rhone,Vaud
pacha-mama-gerra,46.123473,8.783508,CH,l,Lago Maggiore,gambarogno,lago-maggiore,Gambarogno,ticino,Ticino
parc-des-pierrettes,46.515215,6.575531,CH,l,Lac Léman,saint-sulpice,lac-leman,Saint-Sulpice (VD),rhone,Vaud
pecos-plage,46.80359,6.63665,CH,l,Neuenburgersee,grandson,neuenburgersee,Grandson,aare,Vaud
pfaffner_rothrist_ischik,47.2985678,7.8994664,CH,r,Pfaffnern,rothrist,pfaffnern,Rothrist,aare,Aargau
pfafikon-bad,47.206766,8.774182,CH,l,Zürichsee,freienbach,zurichsee,Freienbach,linth,Schwyz
pierrier-sud,46.4395601,6.8910001,CH,l,Lac Léman,montreux,lac-leman,Montreux,rhone,Vaud
plage-de-cheyres,46.818689,6.782256,CH,l,Neuenburgersee,cheyres,neuenburgersee,Cheyres-Châbles,aare,Fribourg
plage-de-dorigny,46.518169,6.583319,CH,l,Lac Léman,saint-sulpice,lac-leman,Saint-Sulpice (VD),rhone,Vaud
plage-de-serriere,46.98485,6.91345,CH,l,Neuenburgersee,neuchatel,neuenburgersee,Neuchâtel,aare,Neuchâtel
plage-de-st-sulpice,46.513265,6.570977,CH,l,Lac Léman,saint-sulpice,lac-leman,Saint-Sulpice (VD),rhone,Vaud
pointe-dareuse,46.94619,6.87097,CH,l,Neuenburgersee,boudry,neuenburgersee,Boudry,aare,Neuchâtel
pont-sous-terre,46.2029598,6.13157672,CH,r,Rhône,geneve,rhone,Genève,rhone,Genève
preverenges,46.51269,6.527657,CH,l,Lac Léman,preverenges,lac-leman,Préverenges,rhone,Vaud
preverenges-le-sout,46.5089049,6.5345263,CH,l,Lac Léman,preverenges,lac-leman,Préverenges,rhone,Vaud
quai-maria-belgia,46.460156,6.836718,CH,l,Lac Léman,vevey,lac-leman,Vevey,rhone,Vaud
rastplatz-stampf,47.215177,8.844286,CH,l,Zürichsee,jona-city,zurichsee,Rapperswil-Jona,linth,St. Gallen
reuss,47.3298691,8.3568493,CH,r,Reuss,bremgarten,reuss,Bremgarten (AG),linth,Aargau
reuss_hunenberg_eberhardy,47.2329755,8.4010121,CH,r,Reuss,hunenberg,reuss,Hünenberg,linth,Zug
reuss_ottenbach_schoenenbergerl,47.2783545,8.3942242,CH,r,Reuss,merenschwand,reuss,Merenschwand,linth,Aargau
reuss_stkarli_linigersimhofy,47.0571118,8.2879145,CH,r,Reuss,luzern,reuss,Luzern,linth,Luzern
rhein-beach-tinguely,47.5586439,7.6121536,CH,r,Rhein,basel,rhein,Basel,rhine,Basel-Stadt
rhein_basel,47.5568018,7.6010856,CH,r,Rhein,basel,rhein,Basel,rhine,Basel-Stadt
rhein_basel_hungerbuehlern,47.5582176,7.6103488,CH,r,Rhein,basel,rhein,Basel,rhine,Basel-Stadt
rhein_domatems_foppa_f,46.8380375,9.4476387,CH,r,Rhein,domat-ems,rhein,Domat/Ems,rhine,Graubünden
rhein_eglisau_gomringerp,47.5733159,8.5345847,CH,r,Rhein,eglisau,rhein,Eglisau,rhine,Zürich
rhein_hemishofen_stolll,47.6755236,8.8280292,CH,r,Rhein,hemishofen,rhein,Hemishofen,rhine,Schaffhausen
rivapiana,46.172079,8.813255,CH,l,Lago Maggiore,minusio,lago-maggiore,Minusio,ticino,Ticino
rocky-plage,46.20973675,6.16495237,CH,l,Lac Léman,geneve,lac-leman,Genève,rhone,Genève
rolle-plage,46.4613,6.349739,CH,l,Lac Léman,rolle,lac-leman,Rolle,rhone,Vaud
route-13,46.162521,8.7825791,CH,r,Maggia,locarno,maggia,Locarno,ticino,Ticino
ruisseau-de-la-croix-plage,46.81392,6.7747,CH,l,Neuenburgersee,cheyres,neuenburgersee,Cheyres-Châbles,aare,Fribourg
saint-sulpice,46.507808,6.545344,CH,l,Lac Léman,saint-sulpice,lac-leman,Saint-Sulpice (VD),rhone,Vaud
san-nazzaro-gambarogno,46.130443,8.798657,CH,l,Lago Maggiore,gambarogno,lago-maggiore,Gambarogno,ticino,Ticino
schmerikon-bahnhof-strand,47.22478,8.94418,CH,l,Zürichsee,schmerikon,zurichsee,Schmerikon,linth,St. Gallen
schusspark-strand,47.1465,7.26862,CH,r,Schüss,biel,schuss,Biel/Bienne,aare,Bern
schutzenmatte,47.057666,7.634001,CH,r,Emme,burgdorf,emme,Burgdorf,aare,Bern
seeflechsen,47.1302229,9.1033996,CH,l,Walensee,glarus-nord,walensee,Glarus Nord,linth,Glarus
seemuhlestrasse-strand,47.12864,9.2951,CH,l,Walensee,walenstadt,walensee,Walenstadt,linth,St. Gallen
seez,47.11983,9.300251,CH,r,Seez,walenstadt,seez,Walenstadt,linth,St. Gallen
seez_spennwiesenbrucke,47.114948,9.310123,CH,r,Seez,walenstadt,seez,Walenstadt,linth,St. Gallen
sempachersee_sempach_tampec,47.1286181,8.1918737,CH,l,Sempachsee,sempach,sempachsee,Sempach,aare,Luzern
sense_torishaus_g-cubes,46.8831206,7.3531889,CH,r,Sense,koniz,sense,Köniz,aare,Fribourg
sentiero-giro-del-golf-spiaggia,46.14577,8.79043,CH,l,Lago Maggiore,ascona,lago-maggiore,Ascona,ticino,Ticino
signalpain,46.7862,6.64736,CH,l,Neuenburgersee,yverdon-les-bains,neuenburgersee,Yverdon-les-Bains,aare,Vaud
sihl_adliswil_oggi_fort,47.3124217,8.5262549,CH,r,Sihl,adliswil,sihl,Adliswil,linth,Zürich
sihl_leimbach_kruegerm,47.3254361,8.5191195,CH,r,Sihl,zurich,sihl,Zürich,linth,Zürich
sihl_menzingen_kucharska_magdalena,47.1915012,8.6184214,CH,r,Sihl,menzingen,sihl,Menzingen,linth,Zug
sihl_zuerich_eggerskoehlingera,47.3818981,8.5383279,CH,r,Sihl,zurich,sihl,Zürich,linth,Zürich
sihl_zuerich_eichenbergerd,47.3395883,8.5166965,CH,r,Sihl,zurich,sihl,Zürich,linth,Zürich
sihl_zuerich_scherfs,47.3731495,8.5323698,CH,r,Sihl,zurich,sihl,Zürich,linth,Zürich
sihl_zurich_himmelhebern,47.3430554,8.5186122,CH,r,Sihl,zurich,sihl,Zürich,linth,Zürich
sitter_gaiserwald_buehlerf,47.4251609,9.3401037,CH,r,Sitter,st-gallen,sitter,St. Gallen,rhine,St. Gallen
sitter_stgallen_jennya,47.4102424,9.320376,CH,r,Sitter,st-gallen,sitter,St. Gallen,rhine,St. Gallen
sitter_stgallen_steinbrunnerf,47.4332917,9.3580747,CH,r,Sitter,st-gallen,sitter,St. Gallen,rhine,St. Gallen
sorne_birse_wwfjura,47.3709868,7.3609099,CH,r,Birs,delemont,birs,Delémont,aare,Jura
spackmatt,47.223749,7.576711,CH,r,Aare,luterbach,aare,Luterbach,aare,Solothurn
spiaggia-parco-ciani,46.00251,8.96082,CH,l,Lago di Lugano,lugano,lago-di-lugano,Lugano,ticino,Ticino
strandbeiz,47.2158617,8.8430984,CH,l,Zürichsee,jona-city,zurichsee,Rapperswil-Jona,linth,St. Gallen
strandboden-biel,47.13251,7.233142,CH,l,Bielersee,biel,bielersee,Biel/Bienne,aare,Bern
sundbach-strand,46.684386,7.794768,CH,l,Thunersee,beatenberg,thunersee,Beatenberg,aare,Bern
thun-strandbad,46.739939,7.63352,CH,l,Thunersee,thun,thunersee,Thun,aare,Bern
thunersee_spiez_meierd_1,46.7044368,7.6578824,CH,l,Thunersee,spiez,thunersee,Spiez,aare,Bern
thur_schwarzenbach_meiliw,47.4467866,9.0638156,CH,r,Thur,wil,thur,Wil (SG),rhine,St. Gallen
tiger-duck-beach,46.518256,6.582546,CH,l,Lac Léman,saint-sulpice,lac-leman,Saint-Sulpice (VD),rhone,Vaud
tolochenaz,46.4975095,6.4828747,CH,l,Lac Léman,tolochenaz,lac-leman,Tolochenaz,rhone,Vaud
toss_bauma_kurthe,47.3701757,8.8678249,CH,r,Töss,bauma,toss,Bauma,rhine,Zürich
toss_kollbrunn_burgid,47.4545698,8.77968,CH,r,Töss,zell,toss,Zell (ZH),0,Zürich
toss_winterthur-2,47.4787073,8.7084264,CH,r,Töss,winterthur,toss,Winterthur,0,Zürich
tschilljus,46.304399,7.580262,CH,r,Rhône,salgesch,rhone,Salgesch,rhone,Valais
unterdsee_ermatingen_brunkem,47.6726333,9.0812462,CH,l,Untersee,ermatingen,untersee,Ermatingen,rhine,Thurgau
untertenzen,47.11526,9.25478,CH,l,Walensee,quarten,walensee,Quarten,linth,St. Gallen
urnaesch_urnaesch_meierr,47.3250986,9.2954188,CH,r,Urnäsch,hundwil,urnasch,Hundwil,rhine,Appenzell Ausserrhoden
port-choiseul,46.289194,6.1705693,CH,l,Lac Léman,versoix,lac-leman,Versoix,rhone,Genève
veveyse,46.461022,6.834983,CH,l,Lac Léman,vevey,lac-leman,Vevey,rhone,Vaud
via-brunari-spiaggia,46.20235,9.01691,CH,r,Ticino,bellinzona,ticino,Bellinzona,ticino,Ticino
via-mirasole-spiaggia,46.19953,9.01493,CH,r,Ticino,bellinzona,ticino,Bellinzona,ticino,Ticino
vidy,46.5147155,6.5985884,CH,l,Lac Léman,lausanne,lac-leman,Lausanne,rhone,Vaud
vidy-ruines,46.516221,6.596279,CH,l,Lac Léman,lausanne,lac-leman,Lausanne,rhone,Vaud
vierwaldstattersee_weggis_schoberls_1,47.0445321,8.4185689,CH,l,Vierwaldstättersee,weggis,vierwaldstattersee,Weggis,linth,Luzern
vierwaldstattersee_weggis_schoberls_2,47.043953,8.4173076,CH,l,Vierwaldstättersee,weggis,vierwaldstattersee,Weggis,linth,Luzern
vierwaldstattersee_weggis_schoberls_3,47.0299566,8.410801,CH,l,Vierwaldstättersee,weggis,vierwaldstattersee,Weggis,linth,Luzern
villa-barton,46.22235,6.1525,CH,l,Lac Léman,geneve,lac-leman,Genève,rhone,Genève
vira-gambarogno,46.143343,8.838759,CH,l,Lago Maggiore,gambarogno,lago-maggiore,Gambarogno,ticino,Ticino
vira-spiaggia-left-of-river,46.1429,8.838407,CH,l,Lago Maggiore,gambarogno,lago-maggiore,Gambarogno,ticino,Ticino
vorderrhein_disentis_schmidn,46.6982739,8.8578373,CH,r,Vorderrhein,disentis-muster,vorderrhein,Disentis/Mustér,rhine,Graubünden
walensee_walenstadt_wysse,47.1218282,9.2995517,CH,l,Walensee,walenstadt,walensee,Walenstadt,linth,St. Gallen
weissenau-neuhaus,46.676583,7.817528,CH,l,Thunersee,unterseen,thunersee,Unterseen,aare,Bern
wycheley,46.74037,8.04864,CH,l,Brienzersee,brienze-be,brienzersee,Brienz (BE),aare,Bern
zuerichsee_maennedorf_vanderkaadene,47.254754,8.6875038,CH,l,Zürichsee,mannedorf,zurichsee,Männedorf,linth,Zürich
zuerichsee_richterswil_benkoem_2,47.2176458,8.6987133,CH,l,Zürichsee,richterswil,zurichsee,Richterswil,linth,Zürich
zuerichsee_staefa_hennm,47.2346431,8.7698814,CH,l,Zürichsee,stafa,zurichsee,Stäfa,linth,Zürich
zuerichsee_waedenswil_colomboc_1,47.2195468,8.6919611,CH,l,Zürichsee,richterswil,zurichsee,Richterswil,linth,Zürich
zuerichsee_zurich_kullg,47.3539573,8.5504743,CH,l,Zürichsee,zurich,zurichsee,Zürich,linth,Zürich
zugersee_immensee_guedesd,47.1066869,8.4788812,CH,l,Zugersee,meierskappel,zugersee,Meierskappel,linth,Luzern
zugerseecholler_cham_blarerm,47.1782157,8.4800128,CH,l,Zugersee,zug,zugersee,Zug,linth,Zug
zulg_steffisburg_schmassmanne,46.7742431,7.6245372,CH,r,Zulg,steffisburg,zulg,Steffisburg,aare,Bern
zurcher-strand,47.3642,8.53742,CH,l,Zürichsee,zurich,zurichsee,Zürich,linth,Zürich
zurichsee-feldeggstr-banningersand,47.3593922,8.5473682,CH,l,Zürichsee,zurich,zurichsee,Zürich,linth,Zürich
zurichsee_kusnachterhorn_thirkell-whitej,47.3176849,8.5768602,CH,l,Zürichsee,kusnacht,zurichsee,Küsnacht (ZH),linth,Zürich
zurichsee_wollishofen_langendorfm,47.3458899,8.5361545,CH,l,Zürichsee,zurich,zurichsee,Zürich,linth,Zürich
