index,code,material,en,source,parent_code,single_use,groupname,fr,de,it
0,G708,metal,Batons de ski,Usagers,G199,False,recreation,Batons de ski,Skistöcke,bastoni da sci.
1,G712,cloth,Gants de ski,Usagers,G135,False,recreation,Gants de ski,Skihandschuhe,Guanti da sci.
2,G902,cloth,"Mask medical, cloth",Personal hygiene,G145,False,personal items,"Masque médical, tissu réutilisable","Medizinische Masken, Stoff","Mascherina medica, in tessuto."
3,G917,glass,Terracotta balls,Utility items,G210,False,unclassified,Boules de terre cuite,Blähton,Palle di terracotta.
4,G921,glass,Ceramic tile and pieces,Construction,G204,False,infrastructure,Carreaux et pièces de céramique,Keramikfliesen und Bruchstücke,Piastrelle e pezzi in ceramica.
5,G705,metal,Screws and bolts,Domaine skiable,G197,False,infrastructure,Screws and bolts,Schrauben und Bolzen,Viti e bulloni.
6,G906,metal,coffee capsules aluminum,Packaging,G177,True,food and drink,Capsules de café en aluminium,Kaffeekapseln Aluminium,capsule di caffè in alluminio.
7,G918,metal,"Safety pins, paper clips, small metal utility items",Utility items,G198,False,personal items,"Épingles trombones, petits outils métalliques","Sicherheitsnadeln, Büroklammern, kleine Gebrauchsgegenstände aus Metall","Spilli di sicurezza, fermagli per carta, piccoli oggetti metallici utili."
8,G919,metal,"Nails, screws, bolts etc.",Utility items,G197,False,infrastructure,"Clous, vis, boulons, etc.","Nägel, Schrauben, Bolzen usw. ","Chiodi, viti, bulloni ecc."
9,G929,metal,"Electronics and pieces; sensors, headsets etc.",Utility items,G198,False,personal items,"Électronique et pièces ; capteurs, écouteurs","Elektronik und Teile; Sensoren, Headsets usw. ",n
10,G945,metal,Razor blades,Personal hygiene,G198,True,personal items,Lames de rasoir,Rasierklingen,Lame da rasoio.
11,G923,paper,"Tissue, toilet paper, napkins, paper towels",Personal hygiene,G158,False,personal items,"Mouchoirs en papier, papier toilette, serviettes de table","Taschentücher, Toilettenpapier, Servietten, Papierhandtücher","Fazzoletti, carta igienica, tovaglioli, asciugamani di carta."
12,G21,plastic,Drink lids,Packaging,Gcaps,False,food and drink,Couvercles de bouteilles,"Getränke-Deckel, Getränkeverschluss",Coperchi per bevande.
13,G22,plastic,"Lids for chemicals, detergents (non-food)",Packaging,Gcaps,False,infrastructure,Couvercles pour produits  non alimentaires,"Deckel für Chemikalien, Reinigungsmittel (Ohne Lebensmittel)","Coperchi per prodotti chimici, detergenti (non alimentari)"
14,G23,plastic,Lids unidentified,Packaging,Gcaps,False,packaging non food,Couvercles non identifiés,unidentifizierte Deckel,Coperchi non identificati.
15,G24,plastic,Lid/cap rings from plastic bottles/containers,Packaging,Gcaps,True,food and drink,Anneaux de fermeture de récipients en plastique,Ringe von Plastikflaschen/Behältern,Anelli di coperchio/tappo da bottiglie/contenitori di plastica.
16,G700,plastic,The results from a clean up event,undefined,G700,True,unclassified,Les résultats d'un événement,Die Ergebnisse einer Aufräumaktion,I risultati di un evento di pulizia.
17,G703,plastic,piquet de ballisage,domaine skiable,G124,False,infrastructure,Piquet de ballisage en plastique,Pistenmarkierungspfosten (Plastik),paletto di segnalazione.
18,G704,plastic,Brosse de télésiège,Domaine skiable,G124,True,infrastructure,Brosse de télésiège,seilbahnbürsten,Spazzola per seggiovia.
19,G706,plastic,Abonnement de ski,Usagers,G124,False,recreation,Abonnement de ski,Skiabonnement,Abbonamento sci.
20,G707,plastic,étiquette d’équipement de ski,Usagers,G124,False,recreation,"Déchets divers (bois travaillé, pièces métalliques)",Skiausrüstungsetikett,etichetta dell'attrezzatura da sci.
21,G709,plastic,"Batons de ski parties (rondelles, attaches)",Usagers,G124,False,recreation,"Batons de ski parties (rondelles, attaches)",Teller von Skistock (runder Teil aus Plastik unten am Skistock),"Bastoni da sci parti (dischi, attacchi)."
22,G710,plastic,"Ski / Snowboards (ski, fixations et autres pièces)",Usagers,G79,False,recreation,"Ski / Snowboards (ski, fixations et autres pièces)","Ski / Snowboards (Ski, Befestigungen und andere Teile)",n
23,G711,plastic,Chaufferette,Usagers,G124,True,recreation,Chaufferette,Handwärmer ,scaldino
24,G713,plastic,Carpet from ski lift,Domaine skiable,G124,False,infrastructure,Carpet from ski lift,Skiförderband,Tappeto dalla seggiovia.
25,G75,plastic,Plastic/polystyrene pcs 0.5 - 2.5 cm,Undefined,Gfrags,False,plastic pieces,Plastique/polystyrène pièces 0 - 2.5 cm,"Objekte aus Kunststoff/Polystyrol 0,5 - 2,5 cm",n
26,G76,plastic,Plastic/foamed polystyrene 2.5 > < 50,Undefined,Gfrags,False,plastic pieces,"Plastique/polystyrène expansé 2,5 > < 50","Objekte aus Kunststoff/Polystyrol 2,5 - 50 cm","Polistirene plastico/espanso 2,5 > < 50."
27,G78,plastic,Plastic pieces 0.5cm - 2.5cm,Undefined,Gfrags,False,plastic pieces,Plastiques fragmentés .5mm < x < 25mm,"Objekte aus Kunststoff 0,5 - 2,5 cm","Pezzi di plastica 0,5 cm - 2,5 cm"
28,G79,plastic,Plastic pieces 2.5cm - 50cm,Undefined,Gfrags,False,plastic pieces,Plastiques fragmentés x > 25mm,"Objekte aus Kunststoff 2,5 - 50 cm","Pezzetti di plastica 2,5 cm - 50 cm"
29,G80,plastic,Plastic pieces > 50cm,Undefined,Gfrags,False,plastic pieces,Pièces en plastique > 50cm,Objekte aus Kunststoff > 50 cm,Pezzi di plastica > 50 cm
30,G81,plastic,Foamed polystyrene pieces 0.5cm - 2.5cm,Packaging,Gfoams,False,infrastructure,"Fragments de polystyrène expansé 0,5cm > < 2,5cm","Objekte aus expandiertem Polystyrol 0,5 - 2,5 cm",n
31,G82,plastic,Foam polystyrene  2.5 - 50cm,Undefined,Gfoams,False,infrastructure,"Mousse de polystyrène expansé 2,5cm > <50cm","Objekte aus expandiertem Polystyrol 2,5 - 50 cm","Polistirene espanso 2,5 - 50 cm"
32,G83,plastic,Polystyrene pieces > 50cm,Undefined,Gfoams,False,infrastructure,Pièces en polystyrène > 50cm,Objekte aus expandiertem Polystyrol > 50 cm,n
33,G901,plastic,"Mask medical, synthetic",Personal hygiene,G124,True,personal items,"Masque médical, synthétique","Medizinische Masken, synthetische","Maschera medica, sintetica."
34,G903,plastic,Hand sanitizer containers & packets,Personal hygiene,G12,True,personal items,Récipients et sachets de désinfectant pour les mains,Behälter und Packungen für Handdesinfektionsmittel,Contenitori e bustine di disinfettante per mani.
35,G904,plastic,"Fireworks; rocket caps, exploded parts & packaging",Recreation,G124,True,recreation,"Feux d'artifice; capsules de fusées, pièces explosées",Feuerwerkskörper; Raketenkappen,"Fuochi d'artificio; tappi per razzi, parti esplose e imballaggio."
36,G905,plastic,"Hair clip,  hair ties, personal accessories plastic",Personal hygiene,G124,False,personal items,"Pince à cheveux, accessoires personnels","Haarspangen, Haargummis, persönliche Accessoires aus Kunststoff","Fermaglio per capelli, elastici per capelli, accessori personali in plastica."
37,G907,plastic,coffee capsules plastic,Undefined,G124,True,food and drink,Capsules de café en plastique,Kaffeekapseln aus Kunststoff,capsule di caffè in plastica.
38,G908,plastic,"Tape; electrical, insulating",Construction,G124,False,infrastructure,"Ruban ; électrique, isolant","Klebeband; elektrisch, isolierend","Nastro; elettrico, isolante."
39,G913,plastic,Pacifier,Personal hygiene,G124,False,personal items,Tétine pour bébé,Schnuller,ciuccio.
40,G914,plastic,"Paperclips, clothespins, plastic utility items",Utility items,G124,False,personal items,"Trombones, épingles à linge, articles utilitaires en plastique","Büroklammern, Wäscheklammern, Gebrauchsgegenstände aus Kunststoff","Fermagli per carta, mollette, articoli di plastica utilitari."
41,G915,plastic,"Reflectors, plastic mobility items",Utility items,G124,False,personal items,"Réflecteurs, articles de mobilité en plastique","Reflektoren, Mobilitätsartikel aus Kunststoff","Riflettori, articoli di mobilità in plastica."
42,G922,plastic,"Labels, bar codes",Packaging,G124,True,packaging non food,"Étiquettes, codes à barres","Etiketten, Strichcodes","Etichette, codici a barre"
43,G925,plastic,"Packets: desiccant/ moisture absorbers, plastic case filled with silica",Utility items,G124,True,packaging non food,Déshydratants/absorbants d'humidité,"Pakete: Trockenmittel/Feuchtigkeitsabsorber, mit Silicagel (Kieselgel) gefüllte Kunststoffbehälter",n
44,G926,plastic,"Chewing gum, often contains plastics",Undefined,G124,True,food and drink,Du chewing-gum,"Kaugummi, enthält oft Kunststoffe",Il chewing gum contiene spesso plastica.
45,G927,plastic,"String trimmer line, used to cut grass, weeds, and shrubbery",Utility items,G124,True,infrastructure,Ligne de débrousailleuse,"Plastikschnur von Rasentrimmern, die zum Schneiden von Gras, Unkraut und Sträuchern verwendet werden",n
46,G928,plastic,Ribbons and bows,Recreation,G124,True,personal items,Rubans et boucles,Bänder und Schleifen,Nastrini e fiocchi.
47,G930,plastic,Foam earplugs,Personal hygiene,G124,True,personal items,Bouchons d'oreille en mousse,Schaumstoff-Ohrstöpsel,tappi per le orecchie in schiuma.
48,G931,plastic,"Tape-caution for barrier, police, construction etc.",Utility items,G124,True,infrastructure,"Ruban pour barrière, police, construction","(Absperr)band für Absperrungen, Polizei, Baustellen usw.","Nastro di avviso per barriere, polizia, costruzione, ecc."
49,G932,plastic,"Bio-beads, micro plastic for wastewater treatment, irregular shape, ridged sides < 5mm",Water Treatment,G91,False,waste water,"Bio-perles, micro plastique pour les eaux usées","Bio-Beads, Mikroplastik für die Abwasserbehandlung, unregelmässige Form, geriffelte Seiten < 5mm",n
50,G933,plastic,"Bags, cases for accessories; glasses, electronics, incl. straps, pieces, plstc. nylon etc.",Undefined,G124,False,personal items,"Sacs, étuis pour accessoires; lunettes, électronique","Taschen, Etuis für Zubehör, Brillen, Elektronik, inkl. Gurte, Stücke, Nylon etc.",n
51,G934,plastic,"Sandbag, plastic for flood, erosion control etc..",Construction,G124,True,agriculture,"Sacs de sable, en plastique, pour le contrôle de l'érosion","Sandsäcke, Kunststoff für Hochwasser- und Erosionsschutz etc.","Sacco di sabbia, plastica per inondazioni, controllo dell'erosione, ecc."
52,G935,plastic,"Walking stick pads and pieces, often elastomeric material",Recreation,G124,False,personal items,"Tampons et pièces pour bâtons de marche, souvent en élastomère","Gummi-Puffer für Geh- und Wanderstöcke und Teile, oft aus Elastomermaterial","Pattini e pezzi per bastoni da passeggio, spesso in materiale elastomerico."
53,G936,plastic,Sheeting ag. greenhouse film,Agriculture,G67,False,agriculture,Film sur les serres,Folien für Gewächshäuser,Pellicola agricola per serre
54,G937,plastic,Pheromone baits for vineyards,Agriculture,G124,False,agriculture,Appâts à phéromones pour les vignobles,Pheromonköder für Weinberge,Esche a feromoni per vigneti.
55,G938,plastic,"Toothpicks, dental floss plastic",Personal hygiene,G124,True,food and drink,"Cure-dents, fil dentaire en plastique","Zahnstocher, Zahnseide Kunststoff","Stuzzicadenti, filo interdentale di plastica."
56,G939,plastic,"Flowers, plants plastic",Undefined,G124,False,personal items,"Fleurs, plantes en plastique","Kunststoffblumen, Kunststoffpflanzen","Fiori, piante di plastica"
57,G940,plastic,Foamed EVA (flexible plastic) for crafts & watersports,Recreation,G73,False,recreation,Mousse EVA pour les sports nautiques,Schaumstoff EVA (flexibler Kunststoff),n
58,G941,plastic,Packaging films nonfood or unknown,Packaging,G124,True,packaging non food,Emballage plastique non alimentaire,"Verpackungsfolien, nicht für Lebensmittel",Film di imballaggio non alimentari o sconosciuti.
59,G942,plastic,"Plastic shavings from lathes, CNC machining",Industry,G124,False,unclassified,Copeaux de plastique provenant de l'usinage,"Kunststoffspäne von Drehbänken, CNC-Bearbeitung","Trucioli di plastica da torni, lavorazione CNC."
60,G943,plastic,"Fencing agriculture, plastic",Agriculture,G124,False,agriculture,"Clôturer l'agriculture, plastique","Zäune Landwirtschaft, Kunststoff","Recinzione agricola, plastica."
61,G944,plastic,Pellet mass from injection molding,Industry,G112,True,unclassified,Masse de granulés provenant du moulage par injection,Pelletmasse aus dem Spritzgussverfahren,Massa di pellet da stampaggio a iniezione.
62,G900,rubber,Gloves latex  personal protective equipment,Personal hygiene,G134,True,personal items,Gants latex de protection individuelle,"Handschuhe Latex, persönliche Schutzausrüstung",n
63,G702,wood,piquet de ballisage,domaine skiable,G173,True,infrastructure,Piquet de ballisage en bois,Pistenmarkierungspfosten (Holz),picchetto di segnalazione.
64,G916,wood,Pencils and pieces,Utility items,G170,False,personal items,Crayons et morceaux,Bleistifte und Bruchstücke,Matite e pezzi.
65,G212,chemicals,Oil nodules or coal fragments -- not from a BBQ,Undefined,G212,False,unclassified,Nodules de petrol,Ölknollen oder Kohlefragmente - nicht von einem BBQ,Noduli di olio o frammenti di carbone -- non da un barbecue.
66,G213,chemicals,Paraffin wax,Undefined,G213,False,recreation,Paraffine,Paraffinwachs ,n
67,G214,chemicals,Oil/tar,Construction,G214,False,infrastructure,Goudron,Öl/Teer,Olio/pece.
68,G135,cloth,"Clothes, footware, headware, gloves",Clothing,G135,False,personal items,"Vêtements, chaussures, chapeaux et gants","Kleidung, Fussbekleidung, Kopfbedeckung, Handschuhe","Clothes, footwear, headwear, gloves"
69,G136,cloth,Shoes,Clothing,G136,False,personal items,Chaussures,Schuhe,scarpe.
70,G137,cloth,"Clothing, towels & rags",Clothing,G137,False,personal items,Serviettes et chiffons,"Kleidung, Handtücher und Lappen","Abbigliamento, asciugamani e stracci."
71,G138,cloth,Shoes and sandals,Clothing,G138,False,personal items,Chaussures et sandales,Schuhe und Sandalen,Scarpe e sandali.
72,G139,cloth,Backpacks,Utility items,G139,False,personal items,Sacs à dos,Rucksäcke,Zaini
73,G140,cloth,"Bags, burlap, hessian, jute or hemp",Packaging,G140,False,agriculture,"Sacs, jute ou chanvre","Sack oder Beutel (Tragetasche), Jute oder Hanf","Borse, juta, tessuto di juta, juta o canapa."
74,G141,cloth,Carpet,Utility items,G141,False,unclassified,Tapis,Teppiche,Tappeto.
75,G142,cloth,"Rope , string or nets",Utility items,G142,False,recreation,"Corde, pas de plastique","Seil, Schnur oder Netze","Corda, spago o reti."
76,G143,cloth,Sails and canvas,Utility items,G143,False,recreation,Voiles et toiles,Segel und Segeltuch,Vele e tela.
77,G144,cloth,Tampons,Personal hygiene,G144,False,waste water,Tampons,Tampons,Assorbenti
78,G145,cloth,Other textiles,Undefined,G145,False,personal items,Autres textiles,Andere Textilien,Altri tessuti.
79,G200,glass,"Glass drink bottles, pieces",Packaging,G200,True,food and drink,Verre brisé," Getränkeflaschen aus Glas, Glasfragmente","Bottiglie di vetro per bevande, pezzi."
80,G201,glass,"Jars, includes pieces",Packaging,G201,False,food and drink,"Pots, verre ou poterie et pièces","Gläser, einschliesslich Stücke","Barattoli, include pezzi."
81,G202,glass,Light bulbs,Utility items,G202,False,unclassified,Ampoules électriques,Glühbirnen,lampadine.
82,G203,glass,"Tableware ceramic or glass, cups, plates, pieces",Food,G203,False,food and drink,Vaisselle en céramique ou verre,"Geschirr aus Keramik oder Glas, Tassen, Teller, Stücke","Stoviglie in ceramica o vetro, tazze, piatti, pezzi."
83,G204,glass,"Construction material; bricks, pipes, cement",Construction,G204,False,infrastructure,"Matériaux de construction ; briques, tuyaux, ciment","Baumaterial;  Ziegel, Rohre, Zement",n
84,G205,glass,Fluorescent light tubes,Utility items,G205,False,unclassified,Tubes fluorescents,Leuchtstoffröhren,Tubi fluorescenti.
85,G206,glass,Glass buoys,Fishing,G206,False,recreation,Bouées en verre,Glasboje,boe di vetro.
86,G207,glass,Octopus pots,Fishing,G207,False,unclassified,Pots à poulpe,Tonkrüge zum Fangen von Kraken,Pentole per polpi.
87,G208,glass,Glass or ceramic fragments > 2.5 cm,Undefined,G208,False,unclassified,"Fragments de verre ou de céramique > 2,5 cm",Glas oder Keramikfragmente >2.5 cm,"Frammenti di vetro o ceramica > 2,5 cm"
88,G209,glass,Large glass objects,Undefined,G209,False,unclassified,Grands objets en verre,Grosse Gegenstände aus Glas,Grandi oggetti di vetro.
89,G210,glass,Other glass/ceramic,Undefined,G210,False,unclassified,Autre verre/céramique,Sonstiges Glas/Keramik Materialien,Altri vetro/ceramica.
90,G174,metal,Aerosol spray cans,Packaging,G174,False,infrastructure,Bombes aérosols,Aerosolspraydosen,Bombole aerosol.
91,G175,metal,"Cans, beverage",Packaging,G175,True,food and drink,"Boîtes de conserve, boissons","Getränkedosen (Dosen, Getränke)","Lattine, bevande."
92,G176,metal,"Cans, food",Packaging,G176,True,food and drink,Boîtes de conserve,Konservendosen (Lebensmitteldosen),"Lattine, cibo."
93,G177,metal,"Foil wrappers, aluminum foil",Packaging,G177,False,food and drink,Papier d'emballage d'aluminium,Verpackungen aus Aluminiumfolie,"Involucri di alluminio, foglio di alluminio."
94,G178,metal,"Metal bottle caps, lids & pull tabs from cans",Packaging,G178,True,food and drink,"Bouchons de bouteilles en métal, couvercles et tirettes","Kronkorken, Lasche von Dose/Ausfreisslachen","Tappi di metallo per bottiglie, coperchi e linguette delle lattine."
95,G179,metal,Disposable BBQs,Recreation,G179,False,food and drink,Barbecues jetables,Einweg Grill,BBQ usa e getta.
96,G180,metal,Appliances,Utility items,G180,False,unclassified,Appareils ménagers,Haushaltsgeräte,Elettrodomestici.
97,G181,metal,"Tableware metal;  cups, cutlery etc.",Food,G181,False,food and drink,"Vaisselle en métal; tasses, couverts","Geschirr aus Metall, Tassen, Besteck usw.","Stoviglie metalliche; tazze, posate ecc."
98,G182,metal,"Fishing; hooks, weights, lures, sinkers etc.",Fishing,G182,False,recreation,"Hameçons, poids, leurres, plombs","Angeln; Haken, Gewichte, Köder, Senkblei, usw.","Pesca; ganci, pesi, esche, piombi ecc."
99,G183,metal,Fish hook remains,Fishing,G183,False,recreation,Restes d'hameçons,Teile von Angelhaken,Resti di amo da pesca.
100,G184,metal,Lobster pots,Fishing,G184,False,unclassified,Casiers à homards,Hummerfangkörbe,Gabbie per aragoste.
101,G185,metal,Middle size containers,Utility items,G185,False,unclassified,Conteneurs de taille moyenne,Behälter mittlerer Grösse,Contenitori di dimensioni medie.
102,G186,metal,Industrial scrap,Undefined,G186,False,infrastructure,Débris industriels,Industrieschrott,Rottame industriale.
103,G187,metal,Drums,Packaging,G187,False,infrastructure,Tonneaux,Fässer,batteria.
104,G188,metal,Other cans < 4 L,Packaging,G188,False,infrastructure,Autres bidons < 4 L,Andere Kanister/Behälter < 4 L,Altre lattine < 4 L
105,G189,metal,"Gas bottles, drums and buckets > 4 L",Packaging,G189,False,infrastructure,"Bouteilles, fûts et seaux à gaz > 4L","Gasflaschen, Fässer und Eimer > 4 L","Bombole di gas, fusti e secchi > 4 L"
106,G190,metal,Paint cans,Packaging,G190,False,infrastructure,Bidons de peinture,"Farbtöpfe, Farbbüchsen,  ( Farbeimer)",barattoli di vernice.
107,G191,metal,Wire and mesh,Utility items,G191,False,agriculture,Fils et grillages,Draht und Gitter,Filo e rete.
108,G192,metal,Barrels,Undefined,G192,False,agriculture,Tonneau de pétrole,Fässer,Barili.
109,G193,metal,car parts and batteries,Vehicle,G193,False,unclassified,Pièces automobiles et batteries,Teile von Autos und Autobatterien,Parti di auto e batterie.
110,G194,metal,"Cables, metal wire(s) often inside rubber or plastic tubes",Construction,G194,False,infrastructure,"Câbles, fil métallique","Kabel, Metalldraht oft in Gummi- oder Kunststoffschläuchen",n
111,G195,metal,Batteries - household,Utility items,G195,False,personal items,Batteries domestiques,Batterien (Haushalt),Batterie - domestiche.
112,G196,metal,Large metallic objects,Undefined,G196,False,unclassified,Grands objets métalliques,Grosse metallische Gegenstände,Grandi oggetti metallici.
113,G197,metal,Other metal,Undefined,G197,False,infrastructure,Autre métal,sonstiges Metall,Altro metallo.
114,G198,metal,Other metal pieces < 50cm,Undefined,G198,False,infrastructure,Autres pièces métalliques < 50cm,Andere Metallteile < 50 cm,Altri pezzi di metallo < 50 cm
115,G199,metal,Other metal pieces > 50cm,Undefined,G199,False,infrastructure,Autres pièces métalliques > 50cm,Andere Metallteile > 50 cm,Altri pezzi di metallo > 50 cm
116,G146,paper,"Paper, cardboard",Undefined,G146,False,packaging non food,"Papier, carton","Papier, Karton","Carta, cartone."
117,G147,paper,Paper bags,Packaging,G147,False,packaging non food,Sacs en papier,"Papiertragetaschen, (Papiertüten)",Sacchetti di carta.
118,G148,paper,Cardboard (boxes and fragments),Packaging,G148,False,packaging non food,Boîtes en carton,Kartonkisten und Stücke,Cartone (scatole e frammenti)
119,G149,paper,Paper packaging,Packaging,G149,False,packaging non food,Emballage en papier,Papierverpackungen,Imballaggio di carta.
120,G150,paper,"Milk cartons, tetrapack",Packaging,G150,False,food and drink,"Carton de lait, tetrapack","Milchkartons, Tetrapack","Scatole di latte, tetrapak"
121,G151,paper,"Cartons, Tetrapacks",Packaging,G151,False,food and drink,"Cartons, Tetrapacks","Tetrapack, Kartons","Cartoni, Tetrapak."
122,G152,paper,"Cigarette boxes, tobacco related paper/cardboard",Tobacco,G152,False,tobacco,"Boîtes à cigarettes, papier/carton","Papier &Karton;Zigarettenschachteln, Papier/Karton Verpackung für Tabakwaren","Scatole di sigarette, carta/cartone relativo al tabacco."
123,G153,paper,"Cups, food containers, wrappers (paper)",Packaging,G153,True,food and drink,Gobelets en papier et récipients alimentaires,"Papierbecher, Lebensmittelverpackungen aus Papier/ Karton",n
124,G154,paper,Newspapers or magazines,Utility items,G154,False,personal items,Journaux ou magazines,Zeitungen oder Zeitschriften,Giornali o riviste.
125,G155,paper,Fireworks paper tubes and fragments,Recreation,G155,False,recreation,Tubes et fragments de papier: feux d'artifice,Feuerwerkspapierhülsen und -fragmente,Tubi di carta per fuochi d'artificio e frammenti
126,G156,paper,Paper fragments,Undefined,G156,False,packaging non food,Fragments de papier,Papierfragmente,frammenti di carta.
127,G157,paper,Paper,Undefined,G157,False,packaging non food,Papier,Papier,carta.
128,G158,paper,Other paper items,Undefined,G158,False,packaging non food,Autres articles en papier,Sonstige Gegenstände aus Papier,Altri articoli di carta.
129,G1,plastic,Six pack rings,Packaging,G1,True,food and drink,Anneaux pour six packs,Sixpack-Ringe,anelli per sei confezioni.
130,G10,plastic,Food containers single use foamed or plastic,Packaging,G10,True,food and drink,Emballage fast food,Lebensmittelbehälter zum einmaligen Gebrauch aus Schaumstoff oder Kunststoff,Contenitori per alimenti monouso in polistirolo o plastica.
131,G100,plastic,Medical; containers/tubes/ packaging,Medical,G100,True,waste water,Médical conteneurs/tubes/ emballages,Medizin; Behälter/Röhrchen/Verpackungen,Medico; contenitori/tubi/imballaggio
132,G101,plastic,Dog feces bag,Utility items,G101,False,personal items,Sac pour déjections canines,"Robidog Hundekot-Säcklein, andere Hundekotsäcklein",Sacchetto per feci di cane.
133,G102,plastic,Flip-flops,Clothing,G102,False,personal items,Tongs,Flip-Flops,infradito.
134,G103,plastic,Plastic fragments rounded <5mm,Undefined,G103,False,micro plastics (< 5mm),Fragments de plastique arrondis <5mm,Kunststofffragmente rund <5mm,n
135,G104,plastic,Plastic fragments subrounded <5mm,Undefined,G104,False,micro plastics (< 5mm),"Fragments de plastique sous-arrondis < 0,5cm","Kunststofffragmente abgerundet / rundlich  <5mm (jedoch noch nicht ""schön"" rund)",n
136,G105,plastic,Plastic fragments subangular <5mm,Undefined,G105,False,micro plastics (< 5mm),Fragments de plastique subangulaires <5mm,Kunststofffragmente subangulär <5mm,n
137,G106,plastic,Plastic fragments angular <5mm,Undefined,G106,False,micro plastics (< 5mm),Fragments de plastique angulaires <5mm,Kunststofffragmente eckig <5mm,Frammenti di plastica angolari <5mm
138,G107,plastic,Cylindrical pellets < 5mm,Industry,G107,False,micro plastics (< 5mm),Boulettes cylindriques < 5mm,Zylindrische Pellets <5mm,n
139,G108,plastic,disk pellets  <5mm,Industry,G108,False,micro plastics (< 5mm),Granules plastiques en disque,Scheibenförmige Pellets <5mm,pellet a disco <5mm
140,G109,plastic,Flat pellets  <5mm,Industry,G109,False,micro plastics (< 5mm),Pellets plats <5mm,Flache Pellets <5mm,Pellet piatti <5mm
141,G11,plastic,"Cosmetics for the beach, e.g. sunblock",Personal hygiene,G11,False,recreation,Produits cosmétiques pour la plage,"Kosmetika für den Strand, z.B. Sonnencreme",n
142,G110,plastic,Ovoid pellets < 5mm,Industry,G110,False,micro plastics (< 5mm),Granules ovoïdes < 5mm,Eiförmige Pellets < 5mm,Pellet ovoidi < 5mm
143,G111,plastic,Spheruloid pellets < 5mm,Industry,G111,False,micro plastics (< 5mm),Granulés sphéroïdes < 5mm,Kugelförmige Pellets < 5mm,Sferoidi pellet < 5mm
144,G112,plastic,Industrial pellets (nurdles),Industry,G112,False,micro plastics (< 5mm),Pellets industriels (GPI),Industriepellets (Nurdles),pellet industriali (nurdles)
145,G113,plastic,Filaments  <5mm,Undefined,G113,False,micro plastics (< 5mm),Filaments <5mm,Fäden <5mm,Filamenti <5mm
146,G114,plastic,Films  <5mm,Undefined,G114,False,micro plastics (< 5mm),Films <5mm,Folien <5mm,Film <5mm
147,G115,plastic,Foamed  plastic <5mm,Undefined,G115,False,micro plastics (< 5mm),Mousse de plastique <5mm,Schaumstoff <5mm,Plastica espansa <5mm
148,G116,plastic,Granules <5mm,Industry,G116,False,micro plastics (< 5mm),Granules <5mm,Granulat <5mm,n
149,G117,plastic,Styrofoam < 5mm,Undefined,G117,False,micro plastics (< 5mm),Polystyrène < 5mm,Styropor < 5mm,Polistirolo < 5mm
150,G118,plastic,Small industrial spheres <5mm,Industry,G118,False,micro plastics (< 5mm),Petites sphères industrielles <5mm,Kleine Industrielle Kügelchen <5mm,Piccole sfere industriali <5mm
151,G119,plastic,Sheetlike user plastic (>1mm),Undefined,G119,False,micro plastics (< 5mm),Plastique utilisateur en feuille (>1mm),Folienartiger Kunststoff (>1mm),Plastica utente in fogli (>1mm)
152,G12,plastic,"Cosmetics, non-beach use personal care containers",Personal hygiene,G12,True,personal items,Récipients de soins personnels non destinés à la plage,"Kosmetika, Behälter für Körperpflegeprodukte, die nicht am Strand verwendet werden","Cosmetici, contenitori per cura personale non da spiaggia."
153,G120,plastic,Threadlike user plastic ( >1mm),Undefined,G120,False,micro plastics (< 5mm),Plastique utilisateur filiforme ( >1mm),Fadenförmiger Kunststoff ( >1mm),Plastica utente filamentosa (>1mm)
154,G121,plastic,Foamed user plastic ( >1mm),Undefined,G121,False,micro plastics (< 5mm),Plastique utilisateur moussé ( >1mm),Geschäumter Kunststoff ( >1mm),Plastica espansa per utenti (>1mm)
155,G122,plastic,Plastic fragments ( >1mm),Undefined,G122,False,micro plastics (< 5mm),Fragments de plastique ( >1mm),Kunststofffragmente (>1mm),n
156,G123,plastic,Polyurethane granules < 5mm,Industry,G123,False,micro plastics (< 5mm),Granulés de polyuréthane < 5mm,Polyurethan-Granulat < 5mm,n
157,G124,plastic,Other plastic or foam products,Undefined,G124,False,unclassified,Autres produits en plastique ou en mousse,Andere Kunststoff,Altri prodotti in plastica o schiuma.
158,G13,plastic,"Bottles, containers, drums to transport, store material",Packaging,G13,False,agriculture,"Bouteilles, conteneurs, fûts pour le transport, le stockage","Flaschen, Behälter, Fässer zum Transportieren und Lagern von Material","Bottiglie, contenitori, fusti per trasportare e stoccare materiale."
159,G14,plastic,Engine oil bottles,Packaging,G14,False,unclassified,Bouteilles d'huile moteur,Flaschen für Motoröl (Motorölflaschen),Bottiglie di olio motore.
160,G15,plastic,Engine oil bottles > 50cm,Packaging,G15,False,unclassified,Bouteilles d'huile moteur > 50cm,"Flaschen für Motoröl, Motorölflaschen > 50cm",Bottiglie di olio motore > 50 cm
161,G16,plastic,Jerry cans,Packaging,G16,False,unclassified,Jerrycan,Kanister,fusti.
162,G17,plastic,Injection gun cartridge,Packaging,G17,False,infrastructure,Cartouche pour pistolet d'injection,Kartuschen von Kartuschen-spritzpistolen,Cartuccia per pistola ad iniezione.
163,G18,plastic,Crates/baskets,Packaging,G18,False,agriculture,Caisses/paniers,Kisten/Körbe,Casse/cestini.
164,G19,plastic,Car parts,Vehicle,G19,False,unclassified,Pièces détachées pour voitures,Autoteile,componenti auto.
165,G2,plastic,Bags,Packaging,G2,True,packaging non food,Sacs,"Säcke, Taschen",Borse.
166,G20,plastic,Caps and lids,Packaging,G20,True,packaging non food,Capsules et couvercles,Laschen und Deckel,Tappi e coperchi.
167,G211,plastic,"Other medical (swabs, bandaging, adhesive plaster)",Medical,G211,True,personal items,"Autres articles médicaux: compresses, pansements",Sonstiges medizinisches Material,"Altri materiali medicali (cotone, fasciature, cerotto)"
168,G25,plastic,"Tobacco; plastic packaging, containers",Tobacco,G25,True,tobacco,Tabac emballages en plastique,"Tabak; Kunststoffverpackungen, Behälter","Tabacco; imballaggi in plastica, contenitori."
169,G26,plastic,Cigarette lighters,Tobacco,G26,False,tobacco,Allume-cigarettes,Feuerzeug,Accendini.
170,G27,plastic,Cigarette filters,Tobacco,G27,True,tobacco,Mégots et filtres à cigarettes,Zigarettenfilter,n
171,G28,plastic,"Pens, lids, mechanical pencils etc.",Utility items,G28,False,personal items,"Stylos, couvercles, porte-mines","Stifte, Deckel, Druckbleistifte usw.","Penna, tappi, matite meccaniche, ecc."
172,G29,plastic,"Combs, brushes and sunglasses",Utility items,G29,False,personal items,"Peignes, brosses et lunettes de soleil","Kämme, Bürsten und Sonnenbrillen","Pettini, spazzole e occhiali da sole."
173,G3,plastic,Bags; plastic shopping/carrier/grocery and pieces,Packaging,G3,True,packaging non food,Sacs en plastique pour achats et pièces,"Einkaufstaschen, Shoppingtaschen",Borse; plastiche per la spesa/borse per la spesa e pezzi.
174,G30,plastic,"Food wrappers; candy, snacks",Packaging,G30,True,food and drink,"Emballages de bonbons, de snacks",Snack-Verpackungen,"Involucri alimentari; caramelle, snack."
175,G31,plastic,Lollypop sticks,Packaging,G31,True,food and drink,Bâtonnets de sucette,"Schleckstengel, Stengel von Lutscher",bastoncini di lecca-lecca.
176,G32,plastic,Toys and party favors,Recreation,G32,False,recreation,Jouets et faveurs de fête,Spielzeug und Partyartikel,Giochi e bomboniere.
177,G33,plastic,"Cups, lids, single use foamed and hard plastic",Packaging,G33,True,food and drink,"Gobelets, couvercles, mousse à usage unique et plastique dur",Einwegartikel; Tassen/Becher & Deckel,"Tazze, coperchi, plastica espansa e rigida monouso."
178,G34,plastic,"Cutlery, plates and trays",Food,G34,True,food and drink,"Couverts, assiettes et plateaux palstique","Besteck, Teller und Tabletts","Posate, piatti e vassoi."
179,G35,plastic,Straws and stirrers,Food,G35,True,food and drink,Pailles et agitateurs,Strohhalme und Rührstäbchen,Cannucce e mescolatori.
180,G36,plastic,"Bags/sacks heavy duty plastic for 25 Kg or more; animal feed, fertilizers, garden trash etc.",Packaging,G36,True,agriculture,Sacs/sacs en plastique résistant pour 25 kg ou plus,"Säcke aus strapazierfähigem Kunststoff für 25 kg oder mehr; Tierfutter, Dünger, Gartenabfälle usw.",n
181,G37,plastic,Mesh bags,Packaging,G37,False,personal items,Sacs à mailles,"Netzbeutel, Netztasche, Netzsäcke",borse a rete.
182,G38,plastic,"Coverings; plastic packaging, sheeting for protecting large cargo items",Packaging,G38,True,unclassified,Couvertures; emballages en plastique gros calibre,"Abdeckungen; Kunststoffverpackungen, Folien zum Schutz grosser Ladungen","Coperture; imballaggi in plastica, teli per proteggere grandi carichi."
183,G39,plastic,Gloves,Clothing,G39,False,personal items,Gants,Handschuhe,Guanti.
184,G4,plastic,"Small plastic bags; freezer, zip-lock etc.",Packaging,G4,True,packaging non food,"Petits sacs en plastique ; congélateur, zip-lock","Kleine Plastikbeutel; Gefrierbeutel, Zippsäckchen, (Zip-Lock-Beutel) usw.","Piccole sacchetti di plastica; freezer, a chiusura ermetica, ecc."
185,G40,plastic,Gloves household/gardening,Clothing,G40,False,personal items,Gants de ménage/jardinage,Handschuhe Haushalt/Garten,Guanti per uso domestico/giardinaggio.
186,G41,plastic,Glove industrial/professional,Clothing,G41,False,agriculture,Gant industriel/professionnel,Handschuhe Industriell/Professionell,Guanto industriale/professionale.
187,G42,plastic,Crab lobster pots,Fishing,G42,False,unclassified,Pots à crabe et à homard,Krabben- und Hummerkörbe,Reti per granchi e aragoste.
188,G43,plastic,"Tags fishing or industry (security tags, seals)",Utility items,G43,False,recreation,"Étiquettes de sécurité, sceaux","Sicherheitsetiketten, Siegel für Fischerei oder Industrie ","Etichette da pesca o industria (etichette di sicurezza, sigilli)"
189,G44,plastic,Octopus pots,Fishing,G44,False,unclassified,Pots à poulpe,Kunststoffgefäss zum Fangen von Kraken,Pentole per polpi
190,G45,plastic,Mussel nets,Aquaculture,G45,False,unclassified,Filets à moules,Muschelnetze,Reti per cozze.
191,G46,plastic,Oyster trays,Aquaculture,G46,False,unclassified,Plateaux à huîtres,Austernschalen,Vassoi per ostriche.
192,G47,plastic,Sheeting from mussel culture,Aquaculture,G47,False,unclassified,Feuilles de la culture des moules,Folien aus der Muschelzucht,Pannelli da coltivazione di cozze.
193,G48,plastic,"Rope, synthetic",Utility items,G48,False,recreation,"Corde, synthétique","Seile, synthetische",Corda sintetica.
194,G49,plastic,Rope > 1cm,Utility items,G49,False,recreation,Corde > 1cm,Seile > 1cm,Corda > 1 cm
195,G5,plastic,Generic plastic bags,Packaging,G5,False,packaging non food,Sacs en plastique génériques,Plastiksäcke/ Plastiktüten,Sacchetti di plastica generici.
196,G50,plastic,String < 1cm,Utility items,G50,False,recreation,Cordon < 1cm,Schnur < 1cm,Filo < 1 cm
197,G51,plastic,Fishing net,Fishing,G51,False,recreation,Filet de pêche,Fischernetz,rete da pesca.
198,G52,plastic,Nets and pieces,Fishing,G52,False,recreation,Filets et pièces,Netze und Teilstücke,Retti e pezzi.
199,G53,plastic,Nets and pieces < 50cm,Fishing,G53,False,recreation,Filets et pièces < 50cm,Netze und Teilstücke < 50cm,Reti e pezzi < 50 cm
200,G54,plastic,Nets and pieces > 50cm,Fishing,G54,False,recreation,Filets et pièces > 50cm,Netze und Teilstücke > 50cm,Reti e pezzi > 50cm
201,G55,plastic,Fishing line (entangled),Fishing,G55,False,recreation,Ligne de pêche (enchevêtrée),Angelschnur (verwickelt),Filo da pesca (intricato)
202,G56,plastic,Tangled nets,Fishing,G56,False,recreation,Filets emmêlés,Verhedderte Netze,Reti aggrovigliate.
203,G57,plastic,Fish boxes,Fishing,G57,False,recreation,Caisses à poisson,Fischkisten,Scatole di pesce.
204,G58,plastic,Foam fish box,Fishing,G58,False,recreation,Caisses à poisson en mousse,Schaumstoff-Fischkiste,Scatola di pesce in polistirolo.
205,G59,plastic,Fishing line monofilament (angling),Fishing,G59,False,recreation,Ligne de pêche monofilament (pêche à la ligne),Monofile Angelschnur (Angeln),Filamento monofilo da pesca (pesca a traina)
206,G6,plastic,"Bottles and containers, plastic non food/drink",Packaging,G6,True,packaging non food,Récipients en plastique non alimentaires,"Flaschen und Behälter aus Kunststoff, nicht für Lebensmittel/Getränke","Bottiglie e contenitori, plastica non alimentare/bibite."
207,G60,plastic,Light sticks,Fishing,G60,False,recreation,Bâtons lumineux,"Lichtstab, Knicklicht, Glow-sticks",bastoni luminosi.
208,G61,plastic,Other fishing related,Fishing,G61,False,recreation,Autres activités liées à la pêche,Sonstiges Angelzubehör,Altri aspetti legati alla pesca
209,G62,plastic,Floats for nets,Fishing,G62,False,unclassified,Flotteurs pour filets,Schwimmer für Netze,Galleggianti per reti.
210,G63,plastic,Buoys,Undefined,G63,False,recreation,Bouées,Bojen,Boe.
211,G64,plastic,Fenders,Vehicle,G64,False,unclassified,Garde-boue,Kotflügel,Parafanghi.
212,G65,plastic,Buckets,Utility items,G65,False,agriculture,Seaux,Eimer,Secchi.
213,G66,plastic,"Straps/bands;  hard, plastic package fastener",Packaging,G66,False,infrastructure,Sangles/bandes ; fermeture de paquet en plastique dur,Umreifungsbänder; Hartplastik für Verpackung für Pakete,Cinghie/bande; fermacollo in plastica rigida.
214,G67,plastic,Industrial sheeting,Utility items,G67,False,agriculture,"Bâche, feuille plastique industrielle",Industriefolie (Kunststoff),Pannelli industriali.
215,G68,plastic,Fiberglass fragments,Fishing,G68,False,infrastructure,Fragments de fibre de verre,Fiberglas-Fragmente,Frammenti di fibra di vetro.
216,G69,plastic,Helmets or hardhats,Clothing,G69,False,infrastructure,Casques ou casques de sécurité,Helme oder Schutzhelme,Caschi o elmetti di sicurezza.
217,G7,plastic,Drink bottles < = 0.5L,Packaging,G7,True,food and drink,"Bouteilles à boisson < = 0,5L","Getränkeflaschen < = 0,5 l","Bottiglie d'acqua < = 0,5L."
218,G70,plastic,Shotgun cartridges,Hunting,G70,False,recreation,Cartouches de fusil de chasse,Schrotflintenpatronen,cartucce per fucile a pompa.
219,G71,plastic,Shoes sandals,Clothing,G71,False,personal items,Chaussures sandales,Schuhe Sandalen,Sandali
220,G72,plastic,Traffic cones,Utility items,G72,False,infrastructure,Cônes de signalisation,Verkehrskegel,coni stradali.
221,G73,plastic,Foamed items & pieces (non packaging/insulation) foamed sponge material,Recreation,G73,False,recreation,Articles et pièces en mousse (pas d'emballage),Gegenstände aus Schaumstoff & Teilstücke (nicht Verpackung/Isolierung) schwammartige Gegenstände,Articoli e pezzi in schiuma (non imballaggio/isolamento) materiale in spugna espansa.
222,G74,plastic,Foam packaging/insulation/polyurethane,Undefined,G74,False,infrastructure,Mousse de plastique pour l'isolation thermique,Schaumstoffverpackungen/Isolierung,Imballaggio in schiuma/isolatione/poliuretano.
223,G77,plastic,Plastic or polystyrene  > 50cm,Undefined,Gfrags,False,plastic pieces,Plastique ou polystyrène > 50cm,Kunststoff oder Styropor > 50cm,n
224,G8,plastic,Drink bottles  > 0.5L,Packaging,G8,True,food and drink,"Bouteilles à boisson > = 0,5L","Getränkeflaschen > 0,5L","Bottiglie d'acqua > 0,5L"
225,G84,plastic,CD or CD box,Packaging,G84,False,personal items,Disque compact ou conteneur,CD oder CD-Hülle,scatola per CD.
226,G85,plastic,Salt packaging,Packaging,G85,False,unclassified,Emballage du sel,"Salzsäcke (gross, zum Salzstreuen) ",Imballaggio del sale.
227,G86,plastic,Fin trees,Recreation,G86,False,recreation,Arbres à palmes,Scuba material,Fin trees
228,G87,plastic,"Tape, masking/duct/packing",Utility items,G87,False,infrastructure,"Ruban adhésif, masquage, emballage",Abdeckklebeband/Verpackungsklebeband,"Nastro, mascherante/duct/da imballaggio."
229,G88,plastic,Telephone incl. parts,Utility items,G88,False,personal items,"Téléphone, pièces détachées incluses",Telefon inkl. Teile,Telefono incl. parti
230,G89,plastic,Plastic construction waste,Construction,G89,False,infrastructure,Déchets de construction en plastique,Kunststoff-Bauabfälle,Rifiuti plastici da costruzione.
231,G9,plastic,"Cleaner, chemical bottles & containers",Packaging,G9,True,infrastructure,Récipients pour produits chimiques et nettoyants,Flaschen und Behälter für Reinigungsmittel und Chemikalien,"Detergente, bottiglie e contenitori chimici"
232,G90,plastic,Plastic flower pots,Agriculture,G90,False,agriculture,Pots de fleurs en plastique,Blumentöpfe aus Plastik,Vasi di plastica per fiori.
233,G91,plastic,Biomass holder,Water Treatment,G91,False,waste water,Porte-biomasse,Bio-Filtermaterial  / Trägermaterial aus Kunststoff für Abwasserbehandlung  im Bewegtbett-Biofilmreaktor  Verfahren (MBBR),Supporto per biomassa.
234,G92,plastic,Bait containers,Fishing,G92,False,recreation,Conteneurs à appâts,Köderbehälter,Contenitori per esche
235,G93,plastic,"Cable ties; steggel, zip, zap straps",Utility items,G93,True,infrastructure,"Colson, zip-ties",Kabelbinder,"Fermacavi; steggel, cinghie zip, cinghie zap."
236,G94,plastic,Table cloth,Utility items,G94,False,recreation,Nappe de table,Tischtuch,tovaglia.
237,G95,plastic,Cotton bud/swab sticks,Personal hygiene,G95,True,waste water,Coton-tige,Wattestäbchen/Tupfer,Cotton fioc.
238,G96,plastic,Sanitary pads /panty liners/tampons and applicators,Personal hygiene,G96,True,waste water,Serviettes hygiéniques / protège-slips / tampons et ...,Hygienebinden/Höscheneinlagen/Tampons und Applikatoren,Assorbenti / salvaslip / tamponi e applicatori.
239,G97,plastic,Toilet fresheners,Personal hygiene,G97,False,waste water,Rafraîchisseurs de toilettes,Behälter von Toilettenerfrischer ,Deodoranti per WC
240,G98,plastic,Diapers - wipes,Personal hygiene,G98,True,waste water,Couches - lingettes,Windeln – Feuchttücher,Pannolini - salviette.
241,G99,plastic,Syringes - needles,Medical,G99,False,personal items,Seringues - aiguilles,Spritzen - Nadeln,n
242,G125,rubber,Balloons and balloon sticks,Recreation,G125,True,recreation,Ballons et bâtonnets de ballons,Luftballons und Luftballonstäbchen,Palloni e bastoncini per palloni.
243,G126,rubber,Balls,Recreation,G126,False,recreation,Boules en caoutchouc,Bälle,Palle.
244,G127,rubber,Rubber boots,Clothing,G127,False,personal items,Bottes en caoutchouc,Gummistiefel,stivali di gomma.
245,G128,rubber,Tires and belts,Vehicle,G128,False,unclassified,Pneus et courroies,Reifen und Antriebsriemen,Pneumatici e cinghie.
246,G129,rubber,Inner tubes and rubber sheets,Vehicle,G129,False,unclassified,Chambres à air et feuilles de caoutchouc,Schläuche und Gummiplatten,Camera d'aria e fogli di gomma.
247,G130,rubber,Wheels,Vehicle,G130,False,unclassified,Roues,Räder,Ruote.
248,G131,rubber,Rubber bands,Utility items,G131,False,personal items,Bandes élastiques,Gummibänder,Elastici.
249,G132,rubber,Bobbers (fishing),Fishing,G132,False,recreation,Bobine de pêche,Schwimmer (Angeln),galleggianti (pesca).
250,G133,rubber,Condoms incl. packaging,Personal hygiene,G133,True,waste water,"Préservatifs, y compris emballage",Kondome einschließlich Verpackungen,Preservativi inclusi imballaggio.
251,G134,rubber,Other rubber,Undefined,G134,False,unclassified,Autre caoutchouc,Sonstiges Gummi,Altro gomma.
252,G998,unidentified,No exposed shoreline,undefined,G998,False,unclassified,aucun rivage exposé,Keine freiliegende Uferlinie,Nessuna costa esposta.
253,G999,unidentified,No objects found on this survey,Undefined,G999,False,unclassified,Aucun objet trouvé dans cette enquête,Keine Gegenstände bei dieser Erhebung/Studie gefunden,Nessun oggetto trovato in questo sondaggio.
254,G159,wood,Corks,Packaging,G159,False,food and drink,Bouchon de liège,Kork,tappi.
255,G160,wood,Pallets,Packaging,G160,False,infrastructure,Pallettes,Paletten,pallet
256,G161,wood,Processed timber,Packaging,G161,False,agriculture,Bois transformé,Verarbeitetes Holz,Legno lavorato.
257,G162,wood,Crates,Packaging,G162,False,infrastructure,Caisse,Kisten,casse
258,G163,wood,Crab lobster pots,Fishing,G163,False,unclassified,Pots à crabe et à homard,Krabben- und Hummerkörbe,Reti per granchi e aragoste.
259,G164,wood,Fish boxes,Fishing,G164,False,recreation,Caisse à poisson en bois,Fischkisten,Scatole di pesce.
260,G165,wood,"Ice cream sticks, toothpicks, chopsticks",Packaging,G165,True,food and drink,"Bâtons de glace, cure-dents, baguettes chinoises","Glacestengel (Eisstiele), Zahnstocher, Essstäbchen","Stecche di gelato, stuzzicadenti, bacchette."
261,G166,wood,Paint brushes,Utility items,G166,False,infrastructure,Pinceau,Farbpinsel,pennelli.
262,G167,wood,Matches or fireworks,Recreation,G167,False,recreation,Allumettes ou feux d'artifice,Streichhölzer oder Feuerwerke,Fiammiferi o fuochi d'artificio.
263,G168,wood,Wood boards,Undefined,G168,False,agriculture,Planches de bois,Holzbretter,Tavole di legno.
264,G169,wood,"Beams, dunnage",Undefined,G169,False,infrastructure,"Poutres, bois de calage","Balken, Stauholz","Travi, materiale di riempimento."
265,G170,wood,Wood (processed),Undefined,G170,False,agriculture,Bois (transformé),Holz (verarbeitet),Legno (lavorato)
266,G171,wood,Other wood < 50cm,Undefined,G171,False,agriculture,Autre bois < 50cm,Sonstiges Holz < 50cm,Altra legna < 50cm
267,G172,wood,Other wood > 50cm,Undefined,G172,False,agriculture,Autres bois > 50cm,Sonstiges Holz > 50 cm,Altra legna > 50cm
268,G173,wood,Other,Undefined,G173,False,unclassified,Autres bois,Sonstiges,Altro.
269,Gfrags,plastic,Fragmented plastics,Undefined,Gfrags,False,plastic pieces,"Fragments de plastique: g80, g79, g78, g77, g76, g75","Fragmentierte Kunststoffe:G80, G79, G78, G75, G76, G77",Plastica frammentata
270,Gcaps,plastic,"plastic caps, lid rings: G21, G22, G23, G24",Usagers,Gcaps,False,packaging non food,"Couvercles en plastique bouteille:  G21, G22, G23, G24","plastic caps, lid rings: G21, G22, G23, G24","tappi di plastica, anelli per coperchi: G21, G22, G23, G24."
271,Gfoams,plastic,Expanded polystyrene,Undefined,Gfoams,False,infrastructure,"Fragments de polystyrène expansé: g81, g82, g83",Expandiertes Polystyrol,polistirene espanso.
272,G216,unidentified,"various rubbish (worked wood, metal parts)",Undefined,G216,False,unclassified,"déchets divers (bois travaillé, pièces métalliques)","diverser Müll (bearbeitetes Holz, Metallteile)","vario materiale di scarto (legno lavorato, parti metalliche)."
